{
  "bump_strength": 0.019999999552965164,
  "lights": [
    {
      "intensity": 10.0,
      "position": [
        3.4000000953674316,
        0.0,
        5.0
      ]
    },
    {
      "intensity": 5.0,
      "position": [
        -0.20000000298023224,
        -4.0,
        -5.0
      ]
    },
    {
      "intensity": 3.0,
      "position": [
        -0.4000000059604645,
        3.5,
        4.0
      ]
    },
    {
      "intensity": 1.0,
      "position": [
        -3.299999952316284,
        0.0,
        -5.0
      ]
    }
  ],
  "model_name": "crytek_sponza/sponza.obj",
  "skybox":  "furry_clouds"
}