{
  "model_scale": 15.0,
  "bump_strength": 2.5,
  "lights": [
    {
      "intensity": 10.0,
      "position": [
        4.730000019073486,
        1.1299999952316284,
        5.0
      ]
    },
    {
      "intensity": 5.0,
      "position": [
        0.0,
        -1.0,
        0.0
      ]
    },
    {
      "intensity": 3.0,
      "position": [
        0.20000000298023224,
        5.400000095367432,
        5.0
      ]
    },
    {
      "intensity": 1.0,
      "position": [
        -5.0,
        0.0,
        -5.0
      ]
    }
  ],
  "model_name": "crytek_sponza/sponza.obj",
  "model_position": [
    0.0,
    0.0,
    0.0
  ],
  "skybox": "burnt_warehouse"
}