{
  "bump_strength": 2.5,
  "lights": [
    {
      "intensity": 10.0,
      "position": [
        7.320000171661377,
        0.5400000214576721,
        15.970000267028809
      ]
    },
    {
      "intensity": 5.0,
      "position": [
        0.0,
        -1.0,
        1.4700000286102295
      ]
    },
    {
      "intensity": 3.0,
      "position": [
        0.20000000298023224,
        5.400000095367432,
        5.0
      ]
    },
    {
      "intensity": 1.0,
      "position": [
        -5.0,
        0.0,
        -5.0
      ]
    }
  ],
  "model_name": "fireplace_room/fireplace_room.obj",
  "model_position": [
    20.600000381469727,
    -10.300000190734863,
    29.399999618530273
  ],
  "model_scale": 40.0,
  "skybox": "small_cave"
}