{
  "bump_strength": 0.019999999552965164,
  "lights": [
    {
      "intensity": 4.0,
      "position": [
        0.20000000298023224,
        -3.0999999046325684,
        4.0
      ]
    },
    {
      "intensity": 5.0,
      "position": [
        4.300000190734863,
        -9.699999809265137,
        -5.0
      ]
    },
    {
      "intensity": 10.0,
      "position": [
        0.0,
        -5.699999809265137,
        10.600000381469727
      ]
    },
    {
      "intensity": 1.0,
      "position": [
        0.10000000149011612,
        -11.300000190734863,
        -12.300000190734863
      ]
    }
  ],
  "model_name": "sibenik/sibenik.obj",
  "model_position": [
    0.0,
    1.0,
    9.0
  ],
  "model_scale": 15.0,
  "skybox": "furry_clouds"
}